{
  "primitives": [
    {
      "matrix": [
        [0.500000, 0.000000, 0.000000, 0.000000],
        [0.000000, 0.000000, -2.400000, 0.000000],
        [0.000000, 0.500000, 0.000000, 0.000000],
        [0.000000, 0.000000, 0.000000, 1.000000]
      ],
      "color": [1.000000, 1.000000, 0.000000, 1.000000],
      "type": 2,
      "id_node": 1
    },
    {
      "matrix": [
        [0.500000, 0.000000, 0.000000, 0.000000],
        [0.000000, -0.086824, -1.772654, -2.330000],
        [0.000000, 0.492404, -0.312566, 0.000000],
        [0.000000, 0.000000, 0.000000, 1.000000]
      ],
      "color": [1.000000, 1.000000, 0.000000, 1.000000],
      "type": 2,
      "id_node": 3
    },
    {
      "matrix": [
        [0.500000, 0.000000, 0.000000, 0.000000],
        [0.000000, -0.086824, -1.477212, -4.033718],
        [0.000000, 0.492404, -0.260472, -0.300411],
        [0.000000, 0.000000, 0.000000, 1.000000]
      ],
      "color": [1.000000, 1.000000, 0.000000, 1.000000],
      "type": 2,
      "id_node": 4
    }
  ],
  "nodes": [
    -1,
    0,
    -1,
    1,
    2
  ],
  "parent": [
    -1,
    0,
    0,
    2,
    2
  ],
  "children": [
 [1,2],
null,
 [3,4],
null,
null
  ]
}
