{
  "primitives": [
    {
      "matrix": [
        [0.500000, 0.000000, 0.000000, 0.000000],
        [0.000000, 0.500000, 0.000000, 0.000000],
        [0.000000, 0.000000, 3.000000, 0.000000],
        [0.000000, 0.000000, 0.000000, 1.000000]
      ],
      "color": [1.000000, 1.000000, 0.000000, 1.000000],
      "type": 2,
      "id_node": 1
    },
    {
      "matrix": [
        [0.500000, 0.000000, 0.000000, 0.000000],
        [0.000000, 0.453154, -0.633927, 0.000000],
        [0.000000, 0.211309, 1.359462, 2.930000],
        [0.000000, 0.000000, 0.000000, 1.000000]
      ],
      "color": [1.000000, 1.000000, 0.000000, 1.000000],
      "type": 2,
      "id_node": 3
    },
    {
      "matrix": [
        [0.500000, 0.000000, 0.000000, 0.000000],
        [0.000000, 0.321394, -0.766044, -0.604344],
        [0.000000, 0.383022, 0.642788, 4.226020],
        [0.000000, 0.000000, 0.000000, 1.000000]
      ],
      "color": [1.000000, 1.000000, 0.000000, 1.000000],
      "type": 2,
      "id_node": 4
    }
  ],
  "nodes": [
    -1,
    0,
    -1,
    1,
    2
  ],
  "parent": [
    -1,
    0,
    0,
    2,
    2
  ],
  "children": [
 [1,2],
null,
 [3,4],
null,
null
  ]
}
